<?xml version="1.0" encoding="utf-8"?>
<SkinInfo xmlns:xsi="http://www.w3.org/2001/XMLSchema-instance" xmlns:xsd="http://www.w3.org/2001/XMLSchema">
  <BackImages>
    <BackImage>
      <DockStyle>Fill</DockStyle>
      <Image>back.jpg</Image>
      <ImageLayout>Tile</ImageLayout>
    </BackImage>
   <BackImage>
     <DockStyle>Top</DockStyle>
	<Size>
	 <Height>90</Height>
	</Size>
	<Image>topback.jpg</Image>
	<ImageLayout>Tile</ImageLayout>
   </BackImage>
   <BackImage>
    <Image>caption.jpg</Image>
	<Size>
	 <Height>91</Height>
	 <Width>217</Width>
	</Size>
   </BackImage>
  </BackImages>
 <EventImages>
  <EventImage>
   <Image>uzor.jpg</Image>
     <Size>
      <Width>137</Width>
      <Height>180</Height>
     </Size>
     <Top>
      <Calculate>true</Calculate>
      <SelfMinus>Full</SelfMinus>
      <Persents>100</Persents>
     </Top>
     <Left>
      <Calculate>false</Calculate>
      <SelfMinus>None</SelfMinus>
      <Persents>0</Persents>
     </Left>
  </EventImage>
 </EventImages>
 <MinimalSkinSize>
  <Width>600</Width>
  <Height>500</Height>
 </MinimalSkinSize>
</SkinInfo>